hour,P_solar_av_MW,P_solar_use_MW,P_curt_solar_MW
1,0.0,0.0,0.0
2,0.0,0.0,0.0
3,0.0,0.0,0.0
4,0.0,0.0,0.0
5,0.0,0.0,0.0
6,0.0,0.0,0.0
7,10.0,10.0,0.0
8,30.0,30.0,0.0
9,50.0,45.0,5.0
10,70.0,70.0,0.0
11,75.0,75.0,0.0
12,80.0,80.0,0.0
13,80.0,80.0,0.0
14,80.0,78.0,2.0000000000000018
15,80.0,75.0,5.0
16,75.0,42.000000000000085,32.999999999999915
17,20.0,20.0,0.0
18,5.0,5.0,0.0
19,0.0,0.0,0.0
20,0.0,0.0,0.0
21,0.0,0.0,0.0
22,0.0,0.0,0.0
23,0.0,0.0,0.0
24,0.0,0.0,0.0
